"Sample","Experiment","Condition","Cluster","Count","UV1-A","UV2-A","UV3-A","UV4-A","UV5-A","UV6-A","UV7-A","UV8-A","UV9-A","UV10-A","UV11-A","UV12-A","UV13-A","UV14-A","UV15-A","UV16-A","V1-A","V2-A","V3-A","V4-A","V5-A","V6-A","V7-A","V8-A","V9-A","V10-A","V11-A","V12-A","V13-A","V14-A","V15-A","V16-A","B1-A","B2-A","B3-A","B4-A","B5-A","B6-A","B7-A","B8-A","B9-A","B10-A","B11-A","B12-A","B13-A","B14-A","YG1-A","YG2-A","YG3-A","YG4-A","YG5-A","YG6-A","YG7-A","YG8-A","YG9-A","YG10-A","R1-A","R2-A","R3-A","R4-A","R5-A","R6-A","R7-A","R8-A"
"CD303 BV750 (Beads)","01-Aug-2024","Aug1","V14_10-V15_10-UV14_02",6748,219.783748626709,57.09375,491.586242675781,351.117485046387,428.764999389648,460.918724060059,394.943740844727,159.318740844727,171.353729248047,29.1812477111816,51.185001373291,207.386245727539,4621.62113380432,37333.0039863586,31121.0957813263,18146.7855091095,8609.49365234375,9734.89697265625,9008.31278991699,4231.08139038086,2116.12504577637,1362.45310974121,1253.00314331055,637.587509155273,400.125015258789,396.274978637695,331.856254577637,1326.97815704346,38505.294921875,203232.089057922,185269.114059448,71659.0171852112,57.3562469482422,46.9874954223633,70.8749923706055,36.0281219482422,53.2546920776367,35.3062477111816,90.5953063964844,98.7656211853027,210.787490844727,1398.99362945557,5632.62617492676,10481.0667037964,6854.36694717407,6530.70429992676,11.4468994140625,9.71249389648438,41.1046867370605,270.285003662109,262.514999389648,290.507827758789,1531.07157897949,4544.61763000488,4205.23491668701,1968.58496856689,205.130310058594,371.099044799805,652.327819824219,3025.32781982422,13676.7072601318,20876.0075836182,18455.6543731689,8349.46408081055
"CD303 BV750 (Beads)","01-Aug-2024","Aug1","V14_10-V15_10-UV15_02",5079,0,31.4649963378906,470.307495117188,342.417503356934,411.94499206543,437.247489929199,366.922500610352,142.027496337891,135.284973144531,16.6749992370605,36.1775016784668,205.174995422363,4607.23002052307,37234.6934394836,31057.2598438263,18063.446641922,8592.71875,9675.875,8931.24394226074,4163.22518920898,2076.59379577637,1302.05632019043,1197.41873168945,614.693771362305,380.324996948242,373.10627746582,319.481239318848,1318.35004425049,38532.0390625,202528.159370422,184620.153121948,71438.8843727112,46.6593780517578,43.7062454223633,72.4499893188477,35.6999969482422,40.8187561035156,34.0593719482422,84.7218704223633,94.237491607666,212.165603637695,1387.18112945557,5633.44648742676,10473.7498092651,6847.3779335022,6532.70576477051,13.9443969726562,12.6262512207031,41.6943740844727,270.423736572266,264.318771362305,284.506881713867,1521.18559265137,4538.16548156738,4196.28569793701,1966.15699005127,200.998733520508,374.524398803711,651.444976806641,3012.08563232422,13656.1203460693,20826.8181304932,18422.5313262939,8329.2301940918
"CD303 BV750 (Beads)","01-Aug-2024","Aug1","V14_10-V15_09-UV14_02",2944,211.917491912842,50.5687484741211,495.392456054688,355.213737487793,431.048736572266,454.647483825684,401.468765258789,169.033737182617,180.379989624023,21.6412487030029,58.1812477111816,205.247489929199,4574.3874912262,36783.6700019836,30622.5850391388,17812.2347278595,8564.6689453125,9710.765625,9061.76591491699,4313.37509155273,2171.43437194824,1374.7250213623,1258.29684448242,664.228164672852,396.996871948242,410.746871948242,327.903129577637,1323.16254425049,38136.79296875,201344.549995422,179756.090621948,70354.1421852112,61.8843688964844,49.3499984741211,74.1234283447266,34.3218727111816,65.0999984741211,36.09375,91.5796813964844,88.7578086853027,206.981246948242,1395.12180328369,5612.70893859863,10424.0061569214,6773.64819717407,6474.49653625488,13.5281372070312,9.71250152587891,39.127498626709,282.148132324219,265.151245117188,284.264053344727,1524.68907165527,4519.26094055176,4177.51982879639,1935.52783966064,212.228118896484,375.195327758789,658.719390869141,3033.94415283203,13707.5710296631,20854.2917633057,18472.5694122314,8332.79611206055
"CD303 BV750 (Beads)","01-Aug-2024","Aug1","V14_10-V15_09-UV15_02",2229,0,31.9725036621094,474.440002441406,339.372489929199,415.134994506836,432.389976501465,368.735000610352,138.402496337891,136.517486572266,3.98749923706055,36.3224983215332,186.252494812012,4514.86478614807,36450.7520332336,30223.2188282013,17618.007188797,8515.03125,9604.8564453125,8916.66874694824,4216.36874389648,2124.99369812012,1336.77507019043,1199.54995727539,618.749984741211,382.800003051758,370.425003051758,305.250007629395,1296.8999710083,37785.4140625,199277.862495422,177774.574996948,69682.3218727112,45.0187530517578,51.8437423706055,78.5531234741211,36.0281219482422,47.5124969482422,45.0843811035156,95.0906143188477,91.8093757629395,209.934371948242,1366.31247711182,5567.29658508301,10314.7400436401,6725.44678115845,6414.18721008301,13.2506408691406,1.734375,37.3931198120117,267.232482910156,264.041244506836,275.418746948242,1522.64250183105,4487.10591125488,4145.85015106201,1937.85193634033,214.841232299805,379.185592651367,650.879974365234,3014.27508544922,13574.6193695068,20745.7400054932,18267.2969512939,8298.2966003418
"CD303 BV750 (Beads)","15-Aug-2024","Aug15","V14_10-V15_10-UV14_02",2523,205.029998779297,94.0325012207031,629.517505645752,485.025009155273,540.197509765625,495.537490844727,349.595016479492,156.744987487793,108.242523193359,33.4225006103516,31.4650039672852,186.977499008179,4775.42966794968,38664.9007816315,32351.166015625,18754.8060951233,9656.55605316162,10901.7568359375,9372.61874389648,4297.01249694824,1786.67504882812,1106.875,894.987548828125,432.231231689453,254.787490844727,256.643768310547,179.437507629395,1264.38129806519,39793.0492172241,209847.553123474,191477.753124237,74309.7468757629,29.7937622070312,28.4156188964844,41.0812454223633,39.4406280517578,49.6125030517578,38.4562530517578,33.140625,20.4093723297119,162.553119659424,1343.60622787476,5827.17168045044,10895.9802742004,7041.29980659485,6690.00918197632,8.39437866210938,27.541877746582,8.11687469482422,56.4712448120117,72.1499938964844,94.9050025939941,1252.49631500244,4532.54632949829,4138.84331893921,1905.87008285522,53.5337371826172,104.807502746582,345.921234130859,2898.66180419922,14330.8011703491,22031.3278884888,19478.1624221802,8810.75085830688
"CD303 BV750 (Beads)","15-Aug-2024","Aug15","V14_10-V15_10-UV15_02",2078,0,78.8800048828125,621.107471466064,480.783737182617,521.021240234375,483.212478637695,350.610000610352,150.473747253418,83.4112548828125,32.3712482452393,19.6112480163574,193.466245651245,4770.17356443405,38573.3695316315,32432.728515625,18781.0883216858,9656.69423675537,10926.025390625,9383.17196655273,4307.18778991699,1791.93444824219,1085.83752441406,890.931274414062,425.493774414062,256.609375,260.837493896484,186.071876525879,1271.25629806519,39847.1898422241,210131.076560974,191627.456249237,74400.8054695129,19.2937545776367,29.4984321594238,44.5921936035156,32.7796821594238,52.1390533447266,26.7093734741211,36.3562469482422,31.8937473297119,160.715618133545,1345.96865463257,5890.13872146606,10924.5276374817,7076.63867378235,6688.95913314819,23.1712646484375,23.2753143310547,14.7075004577637,55.5693740844727,62.7496871948242,77.8040580749512,1259.50315093994,4533.13617324829,4163.05498886108,1912.32192611694,66.9524917602539,86.5862503051758,336.987182617188,2943.68536376953,14366.9613265991,22166.1501541138,19576.1555862427,8864.81433486938
"CD303 BV750 (Beads)","15-Aug-2024","Aug15","V14_10-V15_09-UV14_02",517,215.179992675781,75.4725036621094,646.844959259033,479.080001831055,532.802490234375,481.907485961914,377.289962768555,144.129997253418,127.092498779297,39.9474983215332,20.1549987792969,198.142492294312,4722.64988279343,37905.3187503815,31867.01171875,18397.2377357483,9600.38808441162,10852.875,9386.30038452148,4280.09989929199,1804,1077.93127441406,866.387573242188,426.662506103516,263.243759155273,258.362518310547,193.806251525879,1244.78754806519,39338.3382797241,208156.303123474,186405.112499237,73280.6296882629,44.4281311035156,38.5874938964844,49.9406204223633,18.6374969482422,56.3718719482422,30.4499969482422,33.5999984741211,30.3187465667725,169.115619659424,1322.80300521851,5767.45293045044,10644.5056648254,6865.75293159485,6559.61220932007,1.80374145507812,14.0137481689453,17.551872253418,55.4999923706055,78.8099975585938,93.3093757629395,1236.19309234619,4479.40521621704,4081.12310409546,1853.90816879272,55.3699951171875,82.9843826293945,339.141235351562,2864.40863037109,14183.2660140991,21831.5290603638,19161.9046096802,8689.91199111938
"CD303 BV750 (Beads)","15-Aug-2024","Aug15","V14_10-V15_09-UV15_02",444,0,62.8574981689453,606.716236114502,435.942489624023,526.857482910156,466.17497253418,338.574981689453,143.477493286133,92.3287658691406,7.32250022888184,30.1600036621094,185.853742599487,4674.40110349655,37548.2210941315,31445.931640625,18243.6820716858,9483.75331878662,10723.4189453125,9215.35311889648,4211.72831726074,1755.35943603516,1052.66564941406,852.121887207031,409.200012207031,231.068740844727,261.971878051758,175.621879577637,1209.14063644409,38779.2640609741,206275.748435974,184702.964061737,72574.3562507629,53.5828170776367,25.6265602111816,45.3140640258789,38.4890594482422,52.5984344482422,21.6890640258789,10.3687477111816,16.4390621185303,146.081249237061,1270.86092758179,5658.02299880981,10568.6760749817,6900.27148628235,6325.98720932007,32.1553192138672,34.5834350585938,31.6696853637695,55.0837478637695,62.2987518310547,104.964374542236,1205.91092681885,4428.69208145142,4030.68743515015,1818.8737449646,44.4584350585938,98.2393798828125,338.470306396484,2855.29815673828,14001.6888656616,21589.3562088013,19012.6028518677,8609.29333877563
"CD303 BV750 (Beads)","15-Aug-2024","Aug15","V14_10-UV15_00",69,217.572479248047,42.9924926757812,0,47.9225006103516,0,13.4850006103516,30.5224914550781,0,0,69.310001373291,0,0,39.222499370575,36.0324993133545,0,80.1124992370605,66.8937454223633,118.456268310547,65.1062622070312,20.6250152587891,1.30624389648438,21.65625,9.21249389648438,23.4437561035156,0,0,52.5250015258789,19.4562492370605,164.656257629395,1116.15627288818,485.924999237061,140.250003814697,0,35.9624938964844,39.0468826293945,0,15.2906265258789,46.6593704223633,10.828125,17.7187480926514,7.15312576293945,0,0,0,40.7531223297119,50.7281227111816,14.9850158691406,48.770622253418,0,38.7806243896484,0,35.3118705749512,0,29.7618751525879,0,0,21.9643707275391,35.3831253051758,0,0,75.7099990844727,1.48312377929688,63.421257019043,135.317493438721
"CD303 BV750 (Beads)","22-Aug-2024","Aug22","V14_10-V15_10-UV14_02",5794,211.631623268127,38.3502311706543,347.08422088623,253.091522216797,312.63005065918,301.874481201172,284.149398803711,143.1875,98.5643463134766,42.2584419250488,44.5091361999512,156.161708831787,3877.92369842529,31720.7328948975,25995.7872714996,15290.8273258209,7257.72581481934,7758.96482849121,7080.42593383789,3073.50442504883,1409.23754882812,930.809631347656,839.116180419922,470.225158691406,255.741851806641,279.863021850586,212.245254516602,1150.70397949219,34302.0119400024,181384.871925354,164978.768234253,63454.5449447632,46.3708648681641,51.7003707885742,82.3265609741211,44.9323959350586,58.1435699462891,23.2198715209961,59.8750457763672,48.4812850952148,179.691581726074,1165.71354675293,4702.93651580811,8869.02117538452,5636.04979705811,5414.70341491699,23.1890563964844,23.1548233032227,34.3753128051758,155.119186401367,152.027839660645,171.602890014648,1196.21038818359,3769.35260772705,3475.7335357666,1614.23276901245,128.902435302734,196.848373413086,454.016296386719,2531.87089538574,11512.9780731201,17725.9007949829,15230.4234161377,6932.30525970459
"CD303 BV750 (Beads)","22-Aug-2024","Aug22","V14_10-V15_10-UV15_02",4351,0,26.8031692504883,339.433219909668,244.827163696289,301.700973510742,286.804473876953,263.959167480469,130.282501220703,74.9930419921875,31.7485694885254,26.8353309631348,152.001735687256,3866.06859588623,31611.4028167725,25886.8185214996,15229.8717594147,7236.38987731934,7726.31101989746,7036.03726196289,3058.69900512695,1397.06878662109,919.8759765625,849.340057373047,460.307250976562,254.811370849609,264.911758422852,201.997497558594,1143.08581542969,34184.7463150024,180998.520362854,164969.268234253,63281.9707260132,47.0923309326172,50.9424896240234,72.2531280517578,51.2203063964844,58.1765441894531,20.8880310058594,57.6941680908203,42.2844276428223,176.40894317627,1155.90440368652,4681.17284393311,8810.49773788452,5624.14745330811,5375.82035827637,20.6994323730469,16.7443313598633,32.7449951171875,157.373397827148,157.65592956543,173.14762878418,1184.24737548828,3742.3296585083,3472.09303283691,1615.67612838745,127.603942871094,212.67610168457,462.351745605469,2543.55937194824,11483.6084442139,17654.4867324829,15164.8428497314,6898.65071868896
"CD303 BV750 (Beads)","22-Aug-2024","Aug22","V14_10-V15_09-UV14_02",3427,206.237099647522,38.0003204345703,340.219779968262,250.31266784668,303.163070678711,297.824188232422,289.840362548828,144.855010986328,93.6325073242188,45.9806861877441,35.6361656188965,152.94225692749,3844.88842010498,31375.5903167725,25671.4083652496,15051.5748844147,7227.19993591309,7743.17625427246,7046.29165649414,3064.15188598633,1414.94378662109,938.906005859375,862.050750732422,467.754638671875,270.319244384766,276.901321411133,205.917785644531,1136.10241699219,33873.9767837524,179707.160987854,160392.080734253,62286.8027572632,53.3888092041016,55.4238433837891,74.5500030517578,53.3817749023438,59.2978668212891,34.8790740966797,64.3689727783203,46.3935737609863,182.645957946777,1162.33445739746,4658.73778533936,8777.68914413452,5606.67382049561,5328.54789733887,13.94189453125,20.8778762817383,33.3693695068359,158.500534057617,169.815368652344,180.97428894043,1190.31317138672,3742.73444366455,3454.72608947754,1598.08604049683,133.289276123047,202.69465637207,458.834655761719,2555.49491882324,11571.8545379639,17736.3500137329,15228.4795684814,6931.99691009521
"CD303 BV750 (Beads)","22-Aug-2024","Aug22","V14_10-V15_09-UV15_02",2594,0,30.0573425292969,340.970573425293,252.694534301758,295.962295532227,287.205856323242,275.993560791016,141.520004272461,83.8413543701172,15.0349559783936,33.6884422302246,140.570858001709,3827.25023651123,31241.321762085,25572.3341464996,15021.4537906647,7211.38499450684,7738.72654724121,7051.88516235352,3049.89859008789,1403.90942382812,927.453430175781,843.191925048828,461.166564941406,256.741256713867,277.151092529297,206.227279663086,1136.87835693359,33815.5724868774,179561.379737854,160290.721359253,62071.7754135132,53.5527648925781,56.049919128418,71.6625061035156,66.7436065673828,50.5911712646484,19.4101028442383,58.5202560424805,49.6079864501953,188.71883392334,1141.04301452637,4658.89720916748,8765.94012069702,5600.24803924561,5340.57353210449,21.7308502197266,27.6736907958984,40.8965606689453,170.088668823242,149.283279418945,168.067153930664,1191.9306640625,3750.76374053955,3447.04432678223,1586.63901901245,132.482086181641,209.752960205078,462.914459228516,2552.88175964355,11511.5991668701,17729.0599746704,15174.5615997314,6932.78450775146
"CD303 BV750 (Beads)","22-Aug-2024","Aug22","V14_10-UV15_00",245,203.470665931702,0,0,0,0,0,0,0,0,0,23.9498100280762,0,2.74691772460938,94.3677520751953,0,47.0368366241455,0,0,0,0,0,0,0,0,0,0,0,0,97.8539657592773,1124.95957183838,496.82487487793,219.618476867676,0,0,0,0,0,0,0,0,13.9183807373047,0,0,59.4536094665527,17.7268104553223,23.6679763793945,0,0,10.6837463378906,0,0,0,0,18.0828018188477,0,0,0,0,0,0,0,12.4287719726562,0,0
"CD303 BV750 (Beads)","29-Aug-2024","Aug29","V14_10-V15_10-UV15_02",12040,46.9965515136719,45.3645172119141,310.637657165527,215.012630462646,279.405364990234,265.918655395508,261.810440063477,131.78279876709,120.406402587891,40.124885559082,35.6550273895264,142.48717880249,3358.74846458435,27179.1275272369,22268.7024002075,13120.3723716736,6253.17726135254,6749.11224365234,6150.03173828125,2715.82678222656,1283.56253051758,876.485412597656,816.117874145508,479.931106567383,278.06950378418,321.441848754883,178.817222595215,972.769491195679,29379.5176753998,155361.360805511,142283.095096588,54627.5067863464,55.1523208618164,69.336067199707,95.3531188964844,70.1472854614258,67.1026306152344,44.525146484375,43.6960067749023,28.8855285644531,120.389095306396,973.920738220215,4005.62996673584,7509.42422485352,4820.61271286011,4599.47577285767,28.7416381835938,28.6550827026367,26.2584419250488,46.8130035400391,38.7321090698242,53.9401226043701,858.672706604004,3155.66362762451,2862.6350402832,1325.07506561279,33.4476013183594,51.8641357421875,212.416751861572,2004.83180236816,9614.82174301147,14935.4695510864,12906.0831794739,5878.21467781067
"CD303 BV750 (Beads)","29-Aug-2024","Aug29","V14_10-V15_09-UV15_02",3320,45.8302154541016,39.0523300170898,309.291358947754,217.802211761475,274.804763793945,273.730239868164,267.810485839844,140.731239318848,127.56103515625,36.470588684082,27.5727443695068,137.289531707764,3287.2323513031,26511.5044803619,21743.3742752075,12786.1790122986,6169.41236877441,6692.55169677734,6084.25146484375,2692.74548339844,1277.40939331055,870.256652832031,798.53840637207,473.272354125977,290.336273193359,312.736877441406,178.198249816895,954.394735336304,28782.8916988373,152804.931118011,136570.556034088,53138.1903800964,53.939826965332,70.0281066894531,99.8484268188477,73.291145324707,66.2782745361328,43.5072479248047,55.0576286315918,33.9206199645996,123.768787384033,954.931602478027,3957.59566497803,7382.46572875977,4721.26310348511,4463.66620254517,30.12890625,28.5499954223633,20.4309425354004,40.5078620910645,35.1889038085938,62.6611881256104,849.17081451416,3101.38469696045,2807.36087036133,1298.89513397217,32.2192001342773,57.1396636962891,217.835376739502,1984.95094299316,9546.93404769897,14785.6453323364,12735.3629646301,5806.87800788879
"CD303 BV750 (Beads)","29-Aug-2024","Aug29","V14_10-V15_00-UV15_00",216,0,0,21.7177085876465,0,0,0,0,0,0,0,0,0,38.3019580841064,26.7831783294678,0,76.0382843017578,0,0,0,0,0,0,0,0,0,0,0,0,19.828104019165,847.802150726318,0,69.4727325439453,0,0,0,0,0,0,0,0,10.9593772888184,15.2503108978271,0,0,15.1603527069092,0,0,29.3557052612305,0,0,0,54.7641620635986,0,41.392276763916,0,0,37.4486770629883,0,3.90562057495117,42.1631317138672,4.44771385192871,9.09710693359375,0,0
"CD303 BV750 (Beads)","05-Aug-2024","Aug5","V14_10-V15_10-UV14_02",5732,212.073806762695,46.63720703125,434.107891082764,295.601943969727,336.275749206543,275.010314941406,149.627410888672,34.7999877929688,19.2195129394531,13.5800857543945,21.0735244750977,169.515651702881,4614.6218662262,37094.0806808472,30550.8625450134,18081.5128936768,8701.55661010742,9374.70249938965,8360.47732543945,3562.0927734375,1565.26568603516,995.277908325195,860.999114990234,441.321380615234,263.875732421875,288.508148193359,208.702781677246,1296.14527893066,39845.1061325073,212280.381587982,193527.479141235,74113.6501731873,31.764404296875,38.0572814941406,52.3687438964844,43.7708053588867,46.8379211425781,29.8196792602539,36.7665786743164,27.3285827636719,150.321952819824,1324.09703826904,5424.35271072388,10265.7718086243,6592.74546432495,6309.08410263062,9.21208190917969,23.9632720947266,7.94343185424805,63.2257995605469,60.7262878417969,86.2776870727539,1184.01738739014,4278.30389404297,3956.51660919189,1842.51691818237,48.8832321166992,95.4816970825195,323.269012451172,2741.80375671387,13070.2084884644,20546.4394836426,17801.1130523682,8098.6212387085
"CD303 BV750 (Beads)","05-Aug-2024","Aug5","V14_10-V15_10-UV15_02",4090,0,21.65673828125,401.542644500732,283.043106079102,337.371940612793,268.223541259766,132.591339111328,21.4237442016602,4.67794799804688,2.84743499755859,10.8254432678223,168.358303070068,4611.2244052887,36980.1998214722,30436.0812950134,18021.2023468018,8675.86862182617,9335.91148376465,8314.24880981445,3543.70300292969,1553.16571044922,991.506362915039,851.707244873047,439.8173828125,257.053161621094,283.619995117188,198.212608337402,1279.38966369629,39742.6100387573,211724.717525482,193047.268203735,73763.2126731873,29.3386383056641,35.8496322631836,53.4515609741211,33.254020690918,42.8797836303711,26.2400054931641,23.7512741088867,30.1773796081543,148.647331237793,1316.32042694092,5411.85832595825,10230.751789093,6559.6619682312,6282.95592880249,9.74560546875,13.1027221679688,9.78187561035156,63.1905822753906,55.3067779541016,73.505989074707,1186.30840301514,4277.12347412109,3937.17932891846,1824.42414474487,44.6019973754883,89.6700744628906,325.554962158203,2739.04936218262,13036.0156173706,20502.9658508301,17780.7517242432,8053.23671722412
"CD303 BV750 (Beads)","05-Aug-2024","Aug5","V14_10-V15_09-UV14_02",2071,198.497512817383,34.776741027832,413.088848114014,289.142074584961,336.677696228027,265.195037841797,139.115783691406,30.0149993896484,22.9183654785156,13.5800857543945,19.5579605102539,157.471981048584,4483.2693271637,36046.1197433472,29566.0148887634,17494.3195343018,8519.32174682617,9225.7820892334,8223.83572387695,3515.58361816406,1557.39379882812,992.648208618164,838.408538818359,444.759155273438,275.315643310547,274.307525634766,192.743980407715,1261.85804748535,38632.1608200073,206419.522212982,184495.791641235,71463.4743919373,21.3073883056641,40.6603317260742,50.9906158447266,47.8988952636719,60.1636276245117,34.1547012329102,31.9766845703125,37.6306304931641,139.15779876709,1297.22325897217,5331.13933181763,9989.14094924927,6420.23740768433,6159.23766708374,0,18.3578338623047,12.6956253051758,59.1046752929688,58.8503112792969,79.0335311889648,1168.78936004639,4182.44793701172,3839.92542266846,1764.30488204956,44.6370849609375,92.6293640136719,336.070358276367,2715.95487976074,12911.3774337769,20266.0547180176,17539.3064117432,7932.83876800537
"CD303 BV750 (Beads)","05-Aug-2024","Aug5","V14_10-V15_09-UV15_02",1583,0,22.6713485717773,400.720470428467,283.29573059082,332.219841003418,264.903137207031,117.367614746094,34.2924957275391,3.191162109375,0.0730056762695312,11.9801559448242,164.705410003662,4492.4499912262,36131.5103683472,29685.1809043884,17566.1925811768,8596.20553588867,9230.3758392334,8266.51345825195,3513.30651855469,1542.61254882812,992.302139282227,843.727996826172,420.551635742188,265.874267578125,271.881286621094,190.542747497559,1258.68324279785,38910.8756637573,208272.350337982,186068.104141235,72071.5603294373,36.2553405761719,40.3967361450195,48.890625,28.3068695068359,45.4525680541992,33.3665161132812,50.3434524536133,45.0507507324219,145.199577331543,1278.65123748779,5323.85368728638,10027.9173164368,6428.97520065308,6154.32506942749,11.3106079101562,21.5809631347656,17.4131240844727,54.1029663085938,43.7034759521484,81.4368057250977,1163.5336227417,4198.09783935547,3856.95813751221,1773.63654708862,47.5848236083984,90.7040405273438,312.999801635742,2702.53617858887,12963.7006759644,20324.8730773926,17564.8884429932,7952.49941253662
"CD303 BV750 (Beads)","05-Aug-2024","Aug5","V14_10-UV15_00",230,192.175704956055,0,0,0,0,0,0,0,0,0,5.44880676269531,5.78675270080566,0,40.9741401672363,0,57.2418899536133,0,0,0,0,0,0,0,0,0,0,0,0,81.7605209350586,1133.28869247437,344.498260498047,153.22106552124,0,9.75320434570312,1.77186965942383,0,0,0,0,0,0,0,0,11.5236110687256,34.5395317077637,6.60383224487305,2.2052001953125,10.0197296142578,0,0,0,0,0,4.55332183837891,0,0,0,0,0,0,0,0,20.8394470214844,23.3602867126465
"CD303 BV750 (Beads)","26-Nov-2024","Dec6","V14_10-V15_10-UV15_02",4272,56.2159118652344,102.090187072754,585.074188232422,481.031005859375,542.093132019043,567.085342407227,481.616912841797,241.571884155273,192.778045654297,54.337574005127,43.7516250610352,182.703506469727,4342.31829833984,35446.4293556213,28738.354434967,17151.1920213699,8659.00489807129,9888.31411743164,8655.76025390625,3926.17572021484,1922.38754272461,1272.60348510742,1209.03033447266,657.767913818359,366.211776733398,395.4951171875,250.617568969727,1175.39372253418,35580.6615753174,190242.225196838,173688.967048645,67739.7176551819,99.0518341064453,95.7771759033203,139.323745727539,93.5874710083008,90.0364837646484,59.4054412841797,56.5361862182617,54.4907035827637,169.865165710449,1245.85552215576,5148.25331115723,9580.2543296814,6163.27234649658,5959.36330795288,49.3589019775391,35.6907196044922,30.9759368896484,95.1389770507812,89.068473815918,105.242164611816,1128.70318603516,3986.71784973145,3599.60920715332,1689.42752838135,76.3621978759766,130.820358276367,373.955047607422,2668.17724609375,12660.2844390869,19517.9677429199,16961.6533050537,7832.2117767334
"CD303 BV750 (Beads)","26-Nov-2024","Dec6","V14_10-V15_09-UV15_02",1388,39.3305511474609,106.945022583008,595.778930664062,476.989013671875,538.833183288574,565.493423461914,490.565673828125,221.267196655273,193.065521240234,54.047966003418,25.0928421020508,187.50301361084,4312.68988037109,35250.3414649963,28668.0878334045,17135.7535448074,8686.76710510254,9912.71743774414,8673.9775390625,3930.62640380859,1944.07821655273,1282.04788208008,1212.69085693359,668.152984619141,371.791763305664,412.718475341797,250.514419555664,1174.93522644043,35420.4955596924,190509.217384338,170291.006111145,67316.2567176819,83.0896148681641,95.9768524169922,128.326248168945,111.048316955566,88.6046829223633,65.2763290405273,64.2744674682617,55.1931610107422,160.58472442627,1241.38091278076,5118.9161529541,9504.9486656189,6131.47156524658,5918.62234115601,38.5483093261719,30.9973373413086,39.6478118896484,89.7517700195312,81.4260940551758,102.119560241699,1125.87176513672,3945.23359680176,3588.9820098877,1669.84818267822,79.8714904785156,116.601531982422,362.662506103516,2653.09875488281,12633.3122711182,19457.9189147949,16943.7949066162,7778.9432220459
"CD303 BV750 (Beads)","26-Nov-2024","Dec6","V14_10-UV15_00",120,196.343864440918,31.7644805908203,16.4470138549805,0,15.176872253418,0,0,0,0,0,0,0,40.0540580749512,137.140926361084,0,133.988430976868,0,0,0,0,0,0,0,0,0,0,0,0,28.1108131408691,1179.82785797119,415.191017150879,142.927532196045,0,0,0,0,0,0,0,0,0,0,0,0,0,0,0,4.02790069580078,15.8175010681152,0,0,0,0,0,0,0,0,0,0,0,0,0,0,0
"CD303 BV750 (Beads)","26-Nov-2024","Dec6","V14_10-V15_00-UV15_00",95,0,0,0,0,0,0,0,0,0,0,8.57875061035156,0,6.66373443603516,60.8329429626465,0,43.3408670425415,0,0,0,0,0,0,0,0,0,0,0,0,85.38134765625,827.972816467285,0,0.417610168457031,0,0,0,0,0,0,0,0,0,4.37514495849609,3.74380874633789,0,0,0,0,0,0,0,0,0,0,0,0,0,0,0,0,0,0,0,0,0
"CD303 BV750 (Beads)","13-Jul-2024","Jul12","V14_10-V15_10-UV15_02",9407,41.864875793457,64.0250396728516,656.067848205566,525.26097869873,562.089447021484,538.517875671387,363.681381225586,145.724990844727,77.0892333984375,30.9584712982178,60.2801856994629,230.882308959961,4927.77558135986,39248.6363372803,32419.3773384094,19417.3608589172,10340.7265625,11767.6599884033,10144.1893920898,4425.36224365234,1825.3125,1092.57685852051,867.889129638672,428.517196655273,245.043350219727,274.20393371582,441.029586791992,1590.73100280762,41500.8553695679,220605.212425232,200858.949989319,78227.2144622803,11.8067474365234,6.19419097900391,16.4718704223633,7.33758544921875,43.2623291015625,29.0947036743164,218.137710571289,238.320503234863,415.531585693359,1585.91567230225,5852.8860168457,10893.3186798096,7078.04109954834,6872.89373016357,23.8990173339844,27.8863830566406,54.2512512207031,929.364822387695,964.44807434082,1022.00611877441,2876.74377441406,6062.46075439453,5667.32997131348,2866.81336975098,742.163513183594,1397.39956665039,1855.80374145508,4283.68862915039,15252.9352416992,22870.8320465088,20313.6708679199,9539.34732055664
"CD303 BV750 (Beads)","13-Jul-2024","Jul12","V14_10-V15_09-UV15_02",4678,46.8471374511719,58.3572463989258,671.68677520752,526.524131774902,572.725952148438,563.725578308105,371.366806030273,153.301254272461,79.0110321044922,30.9584712982178,65.875057220459,230.737609863281,4883.48725128174,38708.0601654053,31891.6839790344,19030.9077339172,10383.6943359375,11870.3294219971,10206.8778686523,4484.67547607422,1842.328125,1108.38868713379,882.705047607422,440.90788269043,249.350204467773,281.017990112305,434.908950805664,1573.27488708496,40961.8221664429,217861.267112732,194709.504676819,76537.7066497803,18.5300369262695,8.20400619506836,29.5312423706055,16.9681777954102,43.5590972900391,34.8085556030273,219.921401977539,236.929145812988,411.722991943359,1581.38698577881,5845.1506652832,10799.3079376221,6971.80867767334,6778.33977508545,20.1647796630859,28.9724044799805,49.2562484741211,930.351028442383,967.22785949707,1038.00489807129,2865.32092285156,5991.10308837891,5598.65223693848,2797.3331451416,742.935302734375,1414.40274047852,1865.23001098633,4298.87295532227,15305.6735229492,22943.5185699463,20291.6640319824,9517.21450805664
"CD303 BV750 (Beads)","13-Jul-2024","Jul12","V14_10-UV15_00",244,187.25016784668,18.927619934082,0,0,0,0,37.2671966552734,10.8025054931641,0,48.8107013702393,0,0,56.6893043518066,33.3328895568848,0,31.7730979919434,0,24.5099792480469,51.7864379882812,47.2368774414062,34.2375030517578,0.172996520996094,0,18.8725128173828,10.4053802490234,31.6443939208984,0,0,24.794017791748,1012.32936859131,372.39688873291,82.1005096435547,0,0,9.35155868530273,4.74977874755859,1.68169021606445,0,0,0,0,0,0,0,0,12.6007995605469,0,0,7.38843536376953,0,0,0,0,0,0,0,0,0,0,0,0,0,0,0
"CD303 BV750 (Beads)","13-Jul-2024","Jul12","V14_10-V15_00-UV15_00",182,0,0,15.118579864502,34.1055107116699,0,17.765754699707,0,5.4737548828125,6.85317993164062,0,0,0,0,69.4644508361816,0,35.6287117004395,12.5412139892578,46.0055541992188,52.3602600097656,6.24533081054688,39.1531372070312,0,0,11.6028442382812,37.5214004516602,20.1211318969727,0,0,0,766.832145690918,0,0,6.98565673828125,0,16.3406219482422,15.9527053833008,0,4.89289855957031,0,0,0,0,0,0,0,0,0,13.5928573608398,0,0,0,0,0,0,0,0,0,0,0,0,0,0,0,0
"CD303 BV750 (Beads)","18-Jul-2024","Jul18","V14_10-V15_10-UV15_02",8732,0,62.7467765808105,461.23380279541,346.616500854492,376.286781311035,337.823173522949,269.960906982422,92.5031242370605,76.2610015869141,8.83711910247803,12.0451965332031,149.285900115967,3977.86142539978,33070.2831764221,27880.88904953,17235.2424921989,8411.72988128662,9325.85556030273,8202.30755615234,3511.2259979248,1427.14691162109,868.313766479492,727.979400634766,310.289779663086,197.458480834961,224.988143920898,180.810813903809,1090.72631454468,34770.7093811035,188350.882598877,174908.05443573,70539.2594223022,26.8855819702148,30.5108528137207,50.6296844482422,21.903018951416,39.1733932495117,15.9209098815918,44.2337989807129,55.5588054656982,151.737621307373,1163.45059204102,4943.55113220215,9411.05693054199,6187.39594268799,6085.13485527039,8.25253295898438,7.0424690246582,35.1037521362305,103.876388549805,76.1346817016602,124.18286895752,1137.96265411377,3890.37469482422,3708.94902038574,1800.68110275269,57.8717498779297,117.150405883789,383.349365234375,2463.505859375,11874.2041473389,19064.9005126953,16866.6867752075,8016.38294219971
"CD303 BV750 (Beads)","25-Jul-2024","Jul25","V14_10-V15_10-UV14_02",5552,205.667634963989,63.142391204834,531.85559463501,419.131664276123,450.252487182617,447.728443145752,307.890747070312,128.626865386963,64.2981262207031,22.7162132263184,31.0141944885254,162.225532531738,4194.00734519958,33542.3588848114,27493.3951253891,16289.12566185,8824.02489471436,9908.10012054443,8577.3208770752,3745.24981689453,1577.09063720703,962.954437255859,787.096725463867,378.050575256348,222.950866699219,222.65625,177.350021362305,1184.24184799194,36465.0077476501,191415.504589081,174103.817165375,66562.8597640991,10.9492263793945,17.8936538696289,29.859375,26.4323654174805,40.2053871154785,22.7297325134277,38.4855880737305,45.3667526245117,145.322448730469,1237.72544288635,4957.15525627136,9311.80481719971,5971.62119674683,5734.26336669922,17.3210906982422,12.9270782470703,10.4409370422363,108.048168182373,94.9325256347656,128.766216278076,1169.70609664917,3944.60493850708,3607.9282951355,1674.71769714355,78.0330505371094,144.901794433594,387.683532714844,2602.77812194824,12228.5701522827,18899.7053527832,16327.6358184814,7406.10063171387
"CD303 BV750 (Beads)","25-Jul-2024","Jul25","V14_10-V15_10-UV15_02",3869,0,48.3891716003418,520.821842193604,393.68673324585,432.080184936523,429.181934356689,283.835632324219,124.714679718018,54.8984527587891,12.591480255127,12.4493598937988,153.869789123535,4191.20046043396,33457.5678691864,27422.2144613266,16184.3009548187,8735.31884002686,9811.99416351318,8486.00105285645,3707.88214111328,1565.02502441406,951.015777587891,778.565353393555,369.635902404785,226.879211425781,232.181838989258,181.338516235352,1179.37490463257,36313.4882164001,190587.059276581,173308.028102875,66299.1136703491,3.90106964111328,17.5970726013184,37.5375061035156,22.2071151733398,37.8636474609375,23.583740234375,34.0258865356445,47.023681640625,142.236763000488,1231.55704689026,4956.86741447449,9308.59436798096,5962.9773979187,5711.83197021484,10.5278015136719,11.77099609375,13.8403129577637,94.8724250793457,92.8476257324219,127.805011749268,1167.27988815308,3948.18147659302,3590.02460861206,1657.02616882324,68.6606597900391,148.752532958984,381.702941894531,2591.93730163574,12196.109703064,18861.4680480957,16262.4629669189,7391.29277038574
"CD303 BV750 (Beads)","25-Jul-2024","Jul25","V14_10-V15_09-UV14_02",3310,207.028062820435,59.0481986999512,536.218601226807,424.519161224365,460.499771118164,434.186542510986,317.944183349609,132.575618743896,55.3373565673828,25.0356941223145,27.5924453735352,159.306495666504,4118.87355613708,32882.0073223114,26934.5943441391,15852.869802475,8741.80223846436,9846.98439788818,8521.3531036377,3732.86285400391,1572.86254882812,957.729156494141,779.94694519043,379.23218536377,220.538711547852,228.364471435547,177.178115844727,1165.23275375366,35840.0448570251,188024.504589081,167894.285915375,64921.0980453491,14.9158630371094,22.6059799194336,35.765625,35.1121368408203,44.1302795410156,29.5289421081543,41.1944427490234,42.7819442749023,145.289619445801,1227.48844337463,4919.98289299011,9224.28723907471,5881.44858932495,5638.53778076172,17.8190155029297,20.3189849853516,7.76999664306641,95.4713172912598,88.7820739746094,136.249820709229,1162.29270553589,3909.48018264771,3520.98261642456,1617.14476013184,79.1212310791016,145.686218261719,377.586883544922,2600.23564147949,12246.5774765015,18890.2580871582,16284.5850372314,7380.56401062012
"CD303 BV750 (Beads)","25-Jul-2024","Jul25","V14_10-V15_09-UV15_02",2353,0,43.9420280456543,524.571842193604,404.680110931396,452.206100463867,445.962085723877,298.751281738281,110.82092666626,57.0929412841797,12.812385559082,32.1062431335449,151.826454162598,4113.55104637146,32853.8491191864,26804.1246175766,15844.1945095062,8722.42235565186,9811.70705413818,8508.23054504395,3717.88824462891,1552.10009765625,953.507354736328,779.80876159668,380.87931060791,211.786071777344,235.107315063477,167.03498840332,1170.55813217163,35738.7538414001,188165.074901581,168107.059352875,64923.2542953491,4.49115753173828,22.6059761047363,25.265625,31.5092163085938,30.6075439453125,32.5836563110352,24.3136444091797,43.9086532592773,142.236763000488,1206.94889259338,4939.92747306824,9217.54553985596,5875.90757369995,5603.34271240234,17.6412048339844,16.6055145263672,17.1009330749512,85.4309730529785,90.9712219238281,121.831851959229,1154.27268600464,3896.35481643677,3522.35200119019,1623.92594909668,74.7685241699219,146.613250732422,386.3466796875,2586.21659851074,12245.922203064,18870.0813293457,16263.8282012939,7393.55497741699
"CD303 BV750 (Beads)","05-Jul-2024","Jul5","V14_10-V15_10-UV15_02",11792,43.0652179718018,8.39627075195312,351.270401000977,223.294342041016,304.946807861328,281.169654846191,217.484825134277,114.1875,93.7252807617188,19.6026134490967,72.9699058532715,219.447563171387,4487.03642654419,35450.2351455688,29129.5360298157,17215.9082736969,7657.32719421387,8128.12911987305,7435.9162902832,3090.8784942627,1362.31561279297,847.205154418945,743.152404785156,395.254379272461,229.180191040039,254.59700012207,414.121025085449,1422.73455047607,38035.1191291809,198439.34349823,181379.42414093,69172.6792373657,26.0204620361328,31.404182434082,48.0350036621094,36.3148574829102,42.6607894897461,41.5980911254883,207.434066772461,232.203281402588,376.189422607422,1435.6822052002,5373.23104476929,9976.75358963013,6392.78988265991,6257.21633529663,1.81391906738281,16.7769317626953,63.4781188964844,801.870330810547,827.577209472656,828.230850219727,2248.806640625,4953.12415313721,4626.52613067627,2334.87254714966,707.863555908203,1233.58891296387,1595.84413146973,3846.21739196777,14283.8668365479,21295.4782562256,18731.7286834717,8573.78790283203
"CD303 BV750 (Beads)","05-Jul-2024","Jul5","V14_10-V15_09-UV15_02",2192,42.2004528045654,0.734676361083984,339.548278808594,223.150024414062,307.759902954102,277.193077087402,211.722434997559,115.963745117188,90.09814453125,28.2175407409668,62.0713348388672,215.03328704834,4415.61113357544,34902.9812393188,28536.4618110657,16838.2432346344,7600.06474304199,8067.21408081055,7384.9075012207,3065.44734191895,1347.67193603516,840.389297485352,744.603088378906,392.427017211914,224.049819946289,250.747039794922,415.323753356934,1401.47814178467,37409.1191291809,195855.41381073,175196.33039093,67887.8432998657,19.8158340454102,31.7306213378906,54.0475006103516,33.491455078125,45.1106719970703,48.3630676269531,208.578857421875,238.468402862549,389.022552490234,1435.51972961426,5350.56624984741,9889.93669509888,6274.56649398804,6150.93215560913,0,7.56537628173828,50.4356231689453,787.886474609375,804.504974365234,824.144302368164,2216.01940917969,4886.36975860596,4544.89990997314,2269.68382644653,705.102081298828,1232.61808776855,1581.90089416504,3852.91502380371,14260.4058990479,21253.7800140381,18635.0587615967,8538.66973876953
"CD303 BV750 (Beads)","05-Jul-2024","Jul5","V14_10-UV15_00",168,195.19439125061,0,2.60888481140137,0,0.949874877929688,19.0073165893555,0,9.67875289916992,0,0,22.7354316711426,12.4468193054199,51.4725074768066,142.206092834473,0,141.744943618774,30.8583602905273,32.234245300293,0,0,0,0,0,0,0,0,0,10.7515830993652,125.654331207275,1134.07872772217,536.194709777832,266.473594665527,16.2749710083008,0,0,0,0,34.8981628417969,0,0,0.0974655151367188,20.0744743347168,5.34961891174316,51.7724456787109,0,10.17649269104,0.53350830078125,15.8662872314453,2.32406234741211,0,0,0,0,0,0,27.9619407653809,0,0,0,0,0,0,0,0
"CD303 BV750 (Beads)","21-Nov-2024","Nov21","V14_10-V15_10-UV15_02",9378,50.5728874206543,80.2251510620117,494.137222290039,388.556571960449,449.841262817383,471.387420654297,401.328323364258,200.171859741211,150.99462890625,46.1278247833252,42.7895812988281,174.484115600586,3891.70446014404,31069.2363433838,25284.2285394669,15006.2684345245,7609.34114074707,8655.80172729492,7591.47668457031,3441.93420410156,1662.06564331055,1115.39364624023,1058.54528808594,586.792877197266,334.560241699219,370.22575378418,269.783309936523,1147.00846862793,32994.0315437317,172215.374000549,156970.521316528,60624.3622055054,68.0141296386719,87.4132080078125,114.811248779297,76.5996856689453,86.9260749816895,59.7053604125977,75.0552978515625,72.6069145202637,182.199203491211,1170.46966552734,4636.13870620728,8632.46174621582,5571.45021057129,5349.47538375854,36.7405853271484,19.4760131835938,39.0234413146973,207.080902099609,206.352844238281,215.558715820312,1229.06648254395,3715.55847930908,3392.80297470093,1590.61349105835,175.60359954834,297.392959594727,521.91325378418,2565.4630279541,11420.4035186768,17354.505355835,15026.7713546753,6827.30475997925
"CD303 BV750 (Beads)","21-Nov-2024","Nov21","V14_10-V15_09-UV15_02",5524,66.4584007263184,77.0327987670898,501.158828735352,385.980247497559,445.312026977539,478.767547607422,401.040756225586,199.848419189453,165.479461669922,53.5502758026123,38.1385383605957,182.050109863281,3882.38390350342,30805.2783355713,25089.4707269669,14841.242067337,7644.05842590332,8729.24362182617,7651.44323730469,3485.68688964844,1681.17819213867,1139.85720825195,1068.87200927734,593.095550537109,349.408905029297,382.673629760742,275.664596557617,1146.40867614746,32810.4983406067,171741.499000549,153110.169754028,59890.7059555054,76.5820617675781,84.1880035400391,121.999359130859,75.6740036010742,82.0654029846191,64.5454330444336,80.523567199707,81.9712333679199,170.472213745117,1181.30023193359,4644.43313980103,8640.82551574707,5543.77052307129,5325.96561813354,31.867919921875,15.6929092407227,41.2434425354004,202.782852172852,207.429763793945,217.069488525391,1228.62825012207,3718.56153106689,3369.98217391968,1581.75130844116,173.090919494629,291.389724731445,524.502944946289,2586.65992736816,11500.7365264893,17427.536605835,15086.470085144,6862.07404708862
"CD303 BV750 (Beads)","26-Nov-2024","Nov26","V14_10-V15_10-UV15_02",4272,56.2159118652344,102.090187072754,585.074188232422,481.031005859375,542.093132019043,567.085342407227,481.616912841797,241.571884155273,192.778045654297,54.337574005127,43.7516250610352,182.703506469727,4342.31829833984,35446.4293556213,28738.354434967,17151.1920213699,8659.00489807129,9888.31411743164,8655.76025390625,3926.17572021484,1922.38754272461,1272.60348510742,1209.03033447266,657.767913818359,366.211776733398,395.4951171875,250.617568969727,1175.39372253418,35580.6615753174,190242.225196838,173688.967048645,67739.7176551819,99.0518341064453,95.7771759033203,139.323745727539,93.5874710083008,90.0364837646484,59.4054412841797,56.5361862182617,54.4907035827637,169.865165710449,1245.85552215576,5148.25331115723,9580.2543296814,6163.27234649658,5959.36330795288,49.3589019775391,35.6907196044922,30.9759368896484,95.1389770507812,89.068473815918,105.242164611816,1128.70318603516,3986.71784973145,3599.60920715332,1689.42752838135,76.3621978759766,130.820358276367,373.955047607422,2668.17724609375,12660.2844390869,19517.9677429199,16961.6533050537,7832.2117767334
"CD303 BV750 (Beads)","26-Nov-2024","Nov26","V14_10-V15_09-UV15_02",1388,39.3305511474609,106.945022583008,595.778930664062,476.989013671875,538.833183288574,565.493423461914,490.565673828125,221.267196655273,193.065521240234,54.047966003418,25.0928421020508,187.50301361084,4312.68988037109,35250.3414649963,28668.0878334045,17135.7535448074,8686.76710510254,9912.71743774414,8673.9775390625,3930.62640380859,1944.07821655273,1282.04788208008,1212.69085693359,668.152984619141,371.791763305664,412.718475341797,250.514419555664,1174.93522644043,35420.4955596924,190509.217384338,170291.006111145,67316.2567176819,83.0896148681641,95.9768524169922,128.326248168945,111.048316955566,88.6046829223633,65.2763290405273,64.2744674682617,55.1931610107422,160.58472442627,1241.38091278076,5118.9161529541,9504.9486656189,6131.47156524658,5918.62234115601,38.5483093261719,30.9973373413086,39.6478118896484,89.7517700195312,81.4260940551758,102.119560241699,1125.87176513672,3945.23359680176,3588.9820098877,1669.84818267822,79.8714904785156,116.601531982422,362.662506103516,2653.09875488281,12633.3122711182,19457.9189147949,16943.7949066162,7778.9432220459
"CD303 BV750 (Beads)","26-Nov-2024","Nov26","V14_10-UV15_00",120,196.343864440918,31.7644805908203,16.4470138549805,0,15.176872253418,0,0,0,0,0,0,0,40.0540580749512,137.140926361084,0,133.988430976868,0,0,0,0,0,0,0,0,0,0,0,0,28.1108131408691,1179.82785797119,415.191017150879,142.927532196045,0,0,0,0,0,0,0,0,0,0,0,0,0,0,0,4.02790069580078,15.8175010681152,0,0,0,0,0,0,0,0,0,0,0,0,0,0,0
"CD303 BV750 (Beads)","26-Nov-2024","Nov26","V14_10-V15_00-UV15_00",95,0,0,0,0,0,0,0,0,0,0,8.57875061035156,0,6.66373443603516,60.8329429626465,0,43.3408670425415,0,0,0,0,0,0,0,0,0,0,0,0,85.38134765625,827.972816467285,0,0.417610168457031,0,0,0,0,0,0,0,0,0,4.37514495849609,3.74380874633789,0,0,0,0,0,0,0,0,0,0,0,0,0,0,0,0,0,0,0,0,0
"CD303 BV750 (Beads)","10-Oct-2024","Oct10","V14_10-V15_09-UV14_02",2595,188.485441207886,50.6063690185547,411.535205841064,308.329216003418,372.515838623047,360.62296295166,328.876129150391,165.154983520508,124.491775512695,64.3473725318909,40.0808982849121,179.769798278809,3926.89865493774,31724.8923301697,26008.9535827637,15112.0048828125,7608.65524291992,8343.1735534668,7490.16638183594,3322.72180175781,1566.60629272461,1041.11126708984,990.443237304688,536.343688964844,316.210105895996,344.565742492676,366.207565307617,1244.42599487305,34560.1101455688,183711.209785461,163583.407180786,63747.6285934448,74.4669647216797,91.1849670410156,106.132507324219,82.1793899536133,77.7019157409668,71.3922691345215,157.406066894531,178.843662261963,306.777908325195,1299.00797271729,5059.55116271973,9427.91555023193,6040.53010559082,5708.41669464111,46.5630035400391,28.446662902832,58.0321846008301,606.819091796875,590.42414855957,612.900268554688,1905.54666137695,4433.37861633301,3983.5859375,1874.15766906738,495.790954589844,905.033569335938,1235.27235412598,3348.08407592773,13032.060333252,19673.4649658203,17038.981262207,7750.60386657715
"CD303 BV750 (Beads)","10-Oct-2024","Oct10","V14_10-V15_09-UV15_02",2140,0,35.7674407958984,396.158084869385,268.452857971191,359.175155639648,360.039085388184,325.940368652344,161.16748046875,99.9415588378906,44.9300122261047,37.2669410705566,184.616706848145,3903.07846450806,31773.4108848572,26029.8451843262,15122.3579101562,7574.50875854492,8327.41427612305,7513.72937011719,3311.47302246094,1565.30001831055,1021.42004394531,962.600830078125,528.787048339844,314.177146911621,353.521522521973,368.305892944336,1242.45028686523,34751.6765518188,184275.678535461,163866.641555786,63930.7438278198,40.3114471435547,74.8900527954102,102.323135375977,77.4172744750977,68.4762763977051,50.7339363098145,166.180511474609,164.288562774658,288.68147277832,1299.96866607666,5052.87367248535,9441.11183929443,6038.93171691895,5686.55097198486,30.8048553466797,16.045036315918,54.4246940612793,593.36083984375,573.644241333008,602.499908447266,1897.75930786133,4442.75898742676,3989.4990234375,1880.16926574707,481.935211181641,898.119995117188,1211.14582824707,3298.18746948242,13018.818145752,19647.3682861328,17047.889465332,7760.33702087402
"CD303 BV750 (Beads)","10-Oct-2024","Oct10","V14_10-V15_10-UV14_02",1724,194.370206832886,48.1915512084961,415.754993438721,291.36824798584,388.963272094727,366.936241149902,326.266571044922,179.002487182617,112.815017700195,76.2824769020081,61.1856117248535,181.035781860352,3905.86166763306,31469.5212364197,25907.4477233887,15116.3247070312,7556.75875854492,8295.8239440918,7446.12414550781,3308.57458496094,1557.0500793457,1039.79620361328,958.869995117188,544.580810546875,318.070762634277,355.912086486816,366.929946899414,1239.45138549805,34543.2781143188,182371.951972961,165760.391555786,63491.3258590698,74.3014831542969,81.4080200195312,95.333740234375,82.7085037231445,88.4596214294434,66.5178260803223,159.574661254883,164.322025299072,291.39924621582,1281.91306304932,5030.90467834473,9372.95949554443,6033.43367004395,5715.37250518799,29.9511413574219,15.7998046875,54.1124992370605,579.796905517578,573.574752807617,605.486175537109,1900.05166625977,4403.75215148926,3956.45874023438,1884.6695098877,498.17626953125,893.309020996094,1227.07777404785,3309.66403198242,12958.880645752,19555.6661376953,16938.8045043945,7727.5047454834
"CD303 BV750 (Beads)","10-Oct-2024","Oct10","V14_10-V15_10-UV15_02",1423,0,59.9857025146484,389.721118927002,279.675987243652,368.933959960938,340.478889465332,313.581237792969,159.137496948242,96.2064361572266,45.5869927406311,36.6175651550293,163.131141662598,3904.27121353149,31348.8708457947,25694.9887390137,14920.21875,7520.54489135742,8190.1032409668,7406.60095214844,3287.25012207031,1545.98129272461,1013.97955322266,949.47412109375,516.789489746094,312.350944519043,343.709358215332,357.539108276367,1224.3864440918,34273.2859268188,181230.678535461,164329.969680786,63177.3278121948,65.1999664306641,79.9448089599609,95.2674865722656,67.3639450073242,74.304744720459,58.7253532409668,154.136505126953,162.649021148682,298.160568237305,1290.19547271729,5027.54969787598,9336.54836273193,5929.93293762207,5617.92646026611,46.7764434814453,38.7463150024414,59.3503150939941,576.872741699219,552.903823852539,583.518432617188,1861.31790161133,4396.19404602051,3928.5966796875,1868.04536437988,508.068237304688,914.227783203125,1198.2032623291,3296.10409545898,12890.2527160645,19456.2833251953,16880.610168457,7689.6688079834
"CD303 BV750 (Beads)","10-Oct-2024","Oct10","V14_10-UV15_00",146,180.662176132202,0.909934997558594,0,0,0,0,0,0,0,0,0,0,0,41.8439483642578,0,106.067573547363,0,0,0,0,0,0,0,0,0,0,0,0,0,1032.0210647583,467.399978637695,203.822761535645,9.89583587646484,0,0,0,0,0,0,0,0,0,0,0,0,0,0,0,1.63031387329102,0,0,0,0,0,0,0,0,0,0,0,0,0,0,0
"CD303 BV750 (Beads)","10-Oct-2024","Oct10","V14_10-V15_00-UV15_00",133,0,0,0,0,0,0,0,0,0,0,0,12.2257919311523,0,65.9598426818848,0,0,0,0,0,0,0,0,0,0,0,0,0,0,0,836.707344055176,0,77.6732711791992,0,0,0,0,0,0,0,0,0,0,0,0,0,0,0,16.3953628540039,0,0,0,0,0,0,0,0,0,0,0,0,0,0,0,0
"CD303 BV750 (Beads)_1","10-Oct-2024","Oct17","V14_10-V15_09-UV15_02",4706,10.7060432434082,54.3415298461914,420.767578125,317.293159484863,395.556102752686,409.533699035645,407.594360351562,221.70499420166,168.796905517578,67.26726603508,58.40478515625,203.68458366394,3931.060962677,31763.307723999,26027.0746421814,15129.5276260376,7626.30170440674,8428.5486907959,7611.00941467285,3442.51992797852,1697.88444519043,1183.34089660645,1157.68968200684,632.997314453125,383.017608642578,453.759765625,460.465919494629,1309.67114639282,34734.9154663086,184041.928421021,163827.75189209,63837.9025840759,85.8551483154297,130.169975280762,167.34748840332,124.172325134277,106.151031494141,89.6649856567383,224.4345703125,239.3186378479,380.106391906738,1353.24082565308,5099.32565307617,9484.52285766602,6071.3716468811,5742.50978469849,49.9743499755859,30.9279174804688,92.3728179931641,798.795593261719,779.660491943359,818.168983459473,2170.18120574951,4614.84275817871,4161.10528564453,2002.8782043457,663.252243041992,1166.1923828125,1495.55502319336,3576.4500579834,13284.6556625366,19904.174079895,17295.0091247559,7930.45050048828
"CD303 BV750 (Beads)_1","10-Oct-2024","Oct17","V14_10-V15_10-UV15_02",3178,15.2407703399658,64.910774230957,418.443130493164,311.483116149902,409.042995452881,405.045066833496,402.846435546875,226.562492370605,159.549758911133,73.8735511302948,72.113826751709,196.775930404663,3921.62688064575,31415.4942474365,25827.9926109314,15049.8074111938,7568.88031768799,8343.1824798584,7536.8048248291,3422.71389770508,1682.34690856934,1179.04975891113,1133.92344665527,628.986206054688,383.086517333984,454.651794433594,454.75577545166,1295.38232803345,34474.1654663086,181905.279983521,165251.06439209,63399.5627403259,97.0086669921875,127.310050964355,158.006225585938,122.518814086914,112.545700073242,92.8482971191406,223.934112548828,230.853260040283,374.869697570801,1337.07365036011,5072.55026245117,9405.60635375977,6009.84015274048,5700.67824172974,48.5159301757812,34.7114715576172,94.3500061035156,776.001129150391,760.622406005859,807.562690734863,2147.15654754639,4577.21946716309,4116.60650634766,2003.34841918945,677.143081665039,1168.90081787109,1484.79306030273,3556.8162689209,13191.2665023804,19746.65650177,17160.1888122559,7886.10284423828
"CD303 BV750 (Beads)_1","10-Oct-2024","Oct17","V14_10-V15_00-UV15_00",138,0,0,0,15.96484375,2.71161651611328,0,0,0,0,13.431548833847,2.73887062072754,45.4365215301514,0,30.0914039611816,0,0,0,0,0,0,0,0,0,0,0,0,0,0,0,900.423965454102,0,86.8992118835449,0,2.205078125,0,0,1.16876602172852,17.2779426574707,0,44.0461082458496,0,0,27.0318336486816,0,4.60088729858398,40.2760238647461,0,16.1440658569336,0,0,0,0,7.18389892578125,8.05939102172852,13.4549140930176,0,0,0,0,0,0,18.9481658935547,0,0
"CD303 BV750 (Beads)_1","10-Oct-2024","Oct17","V14_10-UV15_00",137,180.948722839355,17.3141860961914,7.58737564086914,0,0,0,0,0,0,16.9354331493378,0,0,0,73.1555023193359,0,67.7544403076172,27.8403854370117,10.9938354492188,0,0,0,0,0,0,0,0,0,0,34.4028167724609,1111.79707336426,518.285339355469,214.997493743896,37.7991485595703,40.1489334106445,24.1812438964844,0,2.67058563232422,0,0,0,0,0,20.2572937011719,0.969970703125,0,11.7120399475098,0,0,36.6993789672852,0,0,11.5062484741211,0,0,0,0,0,0,0,0,0,2.26860809326172,7.17350006103516,0
"CD303 BV750 (Beads)","10-Oct-2024","Oct24","V14_10-V15_09-UV14_02",2595,188.485441207886,50.6063690185547,411.535205841064,308.329216003418,372.515838623047,360.62296295166,328.876129150391,165.154983520508,124.491775512695,64.3473725318909,40.0808982849121,179.769798278809,3926.89865493774,31724.8923301697,26008.9535827637,15112.0048828125,7608.65524291992,8343.1735534668,7490.16638183594,3322.72180175781,1566.60629272461,1041.11126708984,990.443237304688,536.343688964844,316.210105895996,344.565742492676,366.207565307617,1244.42599487305,34560.1101455688,183711.209785461,163583.407180786,63747.6285934448,74.4669647216797,91.1849670410156,106.132507324219,82.1793899536133,77.7019157409668,71.3922691345215,157.406066894531,178.843662261963,306.777908325195,1299.00797271729,5059.55116271973,9427.91555023193,6040.53010559082,5708.41669464111,46.5630035400391,28.446662902832,58.0321846008301,606.819091796875,590.42414855957,612.900268554688,1905.54666137695,4433.37861633301,3983.5859375,1874.15766906738,495.790954589844,905.033569335938,1235.27235412598,3348.08407592773,13032.060333252,19673.4649658203,17038.981262207,7750.60386657715
"CD303 BV750 (Beads)","10-Oct-2024","Oct24","V14_10-V15_09-UV15_02",2140,0,35.7674407958984,396.158084869385,268.452857971191,359.175155639648,360.039085388184,325.940368652344,161.16748046875,99.9415588378906,44.9300122261047,37.2669410705566,184.616706848145,3903.07846450806,31773.4108848572,26029.8451843262,15122.3579101562,7574.50875854492,8327.41427612305,7513.72937011719,3311.47302246094,1565.30001831055,1021.42004394531,962.600830078125,528.787048339844,314.177146911621,353.521522521973,368.305892944336,1242.45028686523,34751.6765518188,184275.678535461,163866.641555786,63930.7438278198,40.3114471435547,74.8900527954102,102.323135375977,77.4172744750977,68.4762763977051,50.7339363098145,166.180511474609,164.288562774658,288.68147277832,1299.96866607666,5052.87367248535,9441.11183929443,6038.93171691895,5686.55097198486,30.8048553466797,16.045036315918,54.4246940612793,593.36083984375,573.644241333008,602.499908447266,1897.75930786133,4442.75898742676,3989.4990234375,1880.16926574707,481.935211181641,898.119995117188,1211.14582824707,3298.18746948242,13018.818145752,19647.3682861328,17047.889465332,7760.33702087402
"CD303 BV750 (Beads)","10-Oct-2024","Oct24","V14_10-V15_10-UV14_02",1724,194.370206832886,48.1915512084961,415.754993438721,291.36824798584,388.963272094727,366.936241149902,326.266571044922,179.002487182617,112.815017700195,76.2824769020081,61.1856117248535,181.035781860352,3905.86166763306,31469.5212364197,25907.4477233887,15116.3247070312,7556.75875854492,8295.8239440918,7446.12414550781,3308.57458496094,1557.0500793457,1039.79620361328,958.869995117188,544.580810546875,318.070762634277,355.912086486816,366.929946899414,1239.45138549805,34543.2781143188,182371.951972961,165760.391555786,63491.3258590698,74.3014831542969,81.4080200195312,95.333740234375,82.7085037231445,88.4596214294434,66.5178260803223,159.574661254883,164.322025299072,291.39924621582,1281.91306304932,5030.90467834473,9372.95949554443,6033.43367004395,5715.37250518799,29.9511413574219,15.7998046875,54.1124992370605,579.796905517578,573.574752807617,605.486175537109,1900.05166625977,4403.75215148926,3956.45874023438,1884.6695098877,498.17626953125,893.309020996094,1227.07777404785,3309.66403198242,12958.880645752,19555.6661376953,16938.8045043945,7727.5047454834
"CD303 BV750 (Beads)","10-Oct-2024","Oct24","V14_10-V15_10-UV15_02",1423,0,59.9857025146484,389.721118927002,279.675987243652,368.933959960938,340.478889465332,313.581237792969,159.137496948242,96.2064361572266,45.5869927406311,36.6175651550293,163.131141662598,3904.27121353149,31348.8708457947,25694.9887390137,14920.21875,7520.54489135742,8190.1032409668,7406.60095214844,3287.25012207031,1545.98129272461,1013.97955322266,949.47412109375,516.789489746094,312.350944519043,343.709358215332,357.539108276367,1224.3864440918,34273.2859268188,181230.678535461,164329.969680786,63177.3278121948,65.1999664306641,79.9448089599609,95.2674865722656,67.3639450073242,74.304744720459,58.7253532409668,154.136505126953,162.649021148682,298.160568237305,1290.19547271729,5027.54969787598,9336.54836273193,5929.93293762207,5617.92646026611,46.7764434814453,38.7463150024414,59.3503150939941,576.872741699219,552.903823852539,583.518432617188,1861.31790161133,4396.19404602051,3928.5966796875,1868.04536437988,508.068237304688,914.227783203125,1198.2032623291,3296.10409545898,12890.2527160645,19456.2833251953,16880.610168457,7689.6688079834
"CD303 BV750 (Beads)","10-Oct-2024","Oct24","V14_10-UV15_00",146,180.662176132202,0.909934997558594,0,0,0,0,0,0,0,0,0,0,0,41.8439483642578,0,106.067573547363,0,0,0,0,0,0,0,0,0,0,0,0,0,1032.0210647583,467.399978637695,203.822761535645,9.89583587646484,0,0,0,0,0,0,0,0,0,0,0,0,0,0,0,1.63031387329102,0,0,0,0,0,0,0,0,0,0,0,0,0,0,0
"CD303 BV750 (Beads)","10-Oct-2024","Oct24","V14_10-V15_00-UV15_00",133,0,0,0,0,0,0,0,0,0,0,0,12.2257919311523,0,65.9598426818848,0,0,0,0,0,0,0,0,0,0,0,0,0,0,0,836.707344055176,0,77.6732711791992,0,0,0,0,0,0,0,0,0,0,0,0,0,0,0,16.3953628540039,0,0,0,0,0,0,0,0,0,0,0,0,0,0,0,0
"CD303 BV750 (Beads)","28-Oct-2024","Oct28","V14_10-V15_10-UV14_02",3014,201.98498916626,37.9899978637695,287.752487182617,207.53125,250.958740234375,271.403732299805,296.524993896484,163.777496337891,144.021240234375,61.2987480163574,41.1800003051758,134.559993743896,2932.29857063293,24061.1185569763,20165.910118103,11737.9671878815,5296.60331726074,5764.27505493164,5372.29690551758,2534.60638427734,1310.95944213867,915.475006103516,936.615600585938,521.709381103516,313.431228637695,366.506256103516,249.837509155273,887.665634155273,25812.8072280884,136024.5625,124183.852340698,48105.578125,99.5406188964844,89.901252746582,135.746246337891,94.6049957275391,90.4643630981445,65.3556213378906,92.1206207275391,89.7356262207031,181.690605163574,935.416847229004,3739.84545135498,6915.20755004883,4451.66860961914,4223.86779022217,52.1352996826172,26.5012435913086,35.3118667602539,232.961227416992,241.633148193359,274.551559448242,1116.48657226562,3120.10595703125,2841.77351379395,1334.91377258301,195.843124389648,329.536254882812,561.115631103516,2096.50302124023,9268.78952026367,14164.9382324219,12523.719329834,5644.56181335449
"CD303 BV750 (Beads)","28-Oct-2024","Oct28","V14_10-V15_10-UV15_02",2535,0,24.8675003051758,266.292495727539,206.407485961914,252.082489013672,253.677490234375,283.837463378906,136.227478027344,128.832489013672,48.1399955749512,41.1800003051758,127.020000457764,2911.5999622345,23878.3089866638,20033.3446884155,11620.7347660065,5250.09403991699,5702.33145141602,5324.2063293457,2506.96868896484,1284.25003051758,895.056243896484,922.487548828125,520.162506103516,301.399978637695,360.868743896484,235.674987792969,893.612533569336,25620.0308609009,135349.359375,123492.324996948,47660.59375,97.9837493896484,87.1187591552734,144.226226806641,83.6074981689453,85.9262390136719,63.9974975585938,90.2324981689453,86.8537521362305,171.189979553223,921.471168518066,3725.17101287842,6884.96463012695,4428.87832641602,4185.60875701904,44.0531311035156,30.0393753051758,31.2881240844727,227.758117675781,236.152496337891,256.201889038086,1105.42120361328,3123.470703125,2829.25117492676,1324.2993927002,195.348754882812,337.940643310547,556.171844482422,2087.03939819336,9191.91403198242,14081.9895019531,12447.443939209,5623.16264343262
"CD303 BV750 (Beads)","28-Oct-2024","Oct28","V14_10-V15_09-UV14_02",1490,201.694995880127,53.1787490844727,288.042495727539,211.55500793457,255.344985961914,279.849990844727,310.626251220703,167.90998840332,157.506225585938,74.2762489318848,47.7412490844727,128.252498626709,2948.82872200012,24140.8324241638,20326.570274353,11735.356836319,5318.32817077637,5790.88150024414,5411.65628051758,2528.83135986328,1325.25942993164,926.921844482422,934.793762207031,527.037506103516,335.981246948242,374.825012207031,250.215637207031,900.281265258789,25865.1246109009,137177.5703125,122455.922653198,48014.072265625,97.1887359619141,98.3150024414062,150.486877441406,96.0293731689453,102.886238098145,66.2168731689453,95.2674942016602,90.3318710327148,166.883735656738,931.474922180176,3753.36046600342,6927.23220825195,4462.06973266602,4255.86681365967,39.5090484619141,33.4040603637695,42.8390579223633,243.055313110352,234.418121337891,275.418746948242,1125.29718017578,3131.10192871094,2852.76948547363,1322.84254455566,191.817489624023,333.879699707031,534.384063720703,2113.27645874023,9286.65768432617,14159.6770019531,12543.7413024902,5658.72196960449
"CD303 BV750 (Beads)","28-Oct-2024","Oct28","V14_10-V15_09-UV15_02",1256,0,28.8550033569336,243.998748779297,207.458740234375,231.166244506836,244.651245117188,279.922485351562,155.947479248047,127.273742675781,26.0999984741211,50.0612525939941,125.859996795654,2907.75743293762,23702.7142601013,19904.4755477905,11595.975976944,5219.01884460449,5675.51870727539,5304.71560668945,2474.69061279297,1278.92190551758,897.084381103516,944.143737792969,529.065643310547,303.050003051758,367.606262207031,227.699996948242,895.984390258789,25364.3853530884,134607.5859375,120200.750778198,47334.958984375,89.3049774169922,99.3750076293945,139.323745727539,95.1349945068359,90.6962432861328,76.2868728637695,93.5449981689453,83.276252746582,178.576866149902,900.436836242676,3696.25292205811,6786.55032348633,4383.36465454102,4169.70861053467,31.3921661376953,25.7034378051758,42.0412445068359,231.122802734375,234.487518310547,280.934066772461,1083.88031005859,3068.109375,2804.48445129395,1309.5919342041,189.204376220703,365.237182617188,541.305297851562,2021.7819519043,9136.12057495117,13959.3488769531,12354.7491149902,5541.69657897949
"CD303 BV750 (Beads)","03-Oct-2024","Oct3","V14_10-V15_10-UV15_02",3699,23.7397422790527,51.2179794311523,385.933036804199,275.783630371094,365.809379577637,358.752830505371,329.545989990234,163.342483520508,158.023803710938,44.743896484375,54.4762878417969,174.973857879639,3734.97014808655,30090.3068084717,24400.2257194519,14227.2894248962,6932.68714904785,7692.08871459961,6938.01364135742,3100.75750732422,1486.85626220703,1013.89208984375,975.229919433594,528.880554199219,317.933822631836,346.62239074707,340.041702270508,1161.23376464844,32136.2798690796,168464.11895752,153460.072494507,58400.0976142883,69.4972534179688,94.1542205810547,112.889984130859,81.7376022338867,83.8477020263672,58.0758056640625,170.255424499512,155.804550170898,275.914855957031,1219.3791885376,4646.18593597412,8580.32314300537,5470.04642868042,5195.58541107178,39.7662353515625,32.1622467041016,59.8012466430664,543.483291625977,541.745819091797,563.561981201172,1735.5270690918,3964.70799255371,3565.99443054199,1698.30772399902,486.572692871094,867.649108886719,1140.29776000977,3128.05178833008,11969.6822509766,18000.1590423584,15622.0471496582,7106.76094055176
"CD303 BV750 (Beads)","03-Oct-2024","Oct3","V14_10-V15_09-UV15_02",2680,32.9795532226562,44.8857040405273,380.642372131348,280.330688476562,363.543159484863,373.676551818848,338.641632080078,163.161224365234,177.060623168945,49.1598930358887,52.4920539855957,170.019031524658,3752.06121253967,30051.2404022217,24417.0040397644,14213.3655967712,6955.45790100098,7700.09188842773,6953.96823120117,3116.14825439453,1497.78753662109,1012.36938476562,982.898620605469,540.94775390625,314.351486206055,347.264419555664,342.414581298828,1157.21276855469,32141.8413925171,169275.82989502,150916.072494507,58413.4882392883,80.2196960449219,84.7388000488281,108.948104858398,78.0342788696289,80.2180786132812,69.5451202392578,160.348320007324,143.595733642578,269.388046264648,1214.84159088135,4632.73891448975,8568.68691253662,5454.99882125854,5165.2829208374,44.2835083007812,17.5876312255859,54.2165679931641,546.970779418945,546.610168457031,569.296508789062,1749.6145324707,3956.81492614746,3569.63468933105,1688.43772888184,486.888549804688,858.201110839844,1132.87771606445,3114.98623657227,11980.4093017578,18038.1238861084,15621.0578918457,7098.81416320801
"CD303 BV750 (Beads)","03-Oct-2024","Oct3","V14_10-UV15_00",131,213.10396194458,30.716796875,0,0,0,0,0,0,0,34.7440376281738,0,0,2.16800498962402,100.588241577148,0,88.6862602233887,0,0,0,0,0,0,0,0,0,0,0,0,83.6049728393555,1103.57733154297,429.480514526367,217.802845001221,0,0,0,0,0,0,0,0,0,0,15.4784698486328,0,10.2234306335449,0,0,0,0,0,0,0,0,0,0,0,0,0,0,0,0,0,0,0
"CD303 BV750 (Beads)","03-Oct-2024","Oct3","V14_10-V15_00-UV15_00",103,0,18.3321151733398,35.0328216552734,0,0,0,0,0,0,0,0,0,0,69.3068771362305,0,0,0,0,0,0,0,0,0,0,0,0,0,0,0,815.125610351562,0,75.6153602600098,0,0,0,0,19.5133972167969,8.35337066650391,0,0,0,0,0,0,0,40.3172912597656,0,0,0,0,0,0,0,0,0,0,0,0,0,0,0,0,0,0
"CD303 BV750 (Beads)","12-Sep-2024","Sep12","V14_10-V15_10-UV15_02",4694,34.4300193786621,38.377613067627,375.739906311035,282.92554473877,335.588066101074,316.295227050781,319.007362365723,158.050003051758,141.577896118164,43.9475231170654,33.8793907165527,153.426342010498,3998.42339515686,32706.1993274689,26776.1652326584,15594.8450317383,7593.31764221191,8272.08020019531,7499.73164367676,3281.80334472656,1539.27816772461,1033.86557006836,963.754150390625,551.600494384766,295.062797546387,362.564743041992,210.973854064941,1157.45279693604,35573.6429748535,188870.577365875,172139.120927811,65601.5904331207,73.2841262817383,70.3337936401367,108.510925292969,88.4610481262207,82.0297622680664,56.1374206542969,45.1172103881836,32.2858467102051,135.820430755615,1164.13298225403,4998.09755706787,9253.04313087463,5942.22132492065,5637.98934555054,25.2540893554688,21.0164642333984,33.2306289672852,31.6994285583496,22.0238761901855,41.3338947296143,1031.90285110474,3852.08076858521,3531.92043685913,1612.04899406433,9.12455749511719,41.5405731201172,264.65616607666,2516.22747802734,12210.4378204346,19053.1656913757,16339.8366203308,7371.16892242432
"CD303 BV750 (Beads)","12-Sep-2024","Sep12","V14_10-V15_09-UV15_02",1781,36.2639770507812,30.6461181640625,363.227180480957,284.585578918457,320.04988861084,315.857345581055,327.416618347168,163.63249206543,128.410369873047,35.1142177581787,35.503002166748,149.773334503174,4020.39824867249,32653.2393665314,26716.8556623459,15639.8880004883,7597.30714416504,8300.45471191406,7500.52021789551,3285.90869140625,1559.73129272461,1038.95211791992,975.255859375,538.887481689453,296.165184020996,358.284164428711,221.770118713379,1147.79148101807,35461.6703186035,189843.882053375,169636.472490311,65526.1294956207,72.2671890258789,58.6664199829102,99.9468688964844,85.0209007263184,79.8519821166992,54.3964767456055,38.6057929992676,30.4627246856689,147.708003997803,1161.44084358215,4985.50624847412,9192.13004493713,5863.25355148315,5622.03890609741,37.6321411132812,21.9622039794922,33.0224990844727,30.4666709899902,29.4578018188477,48.4403057098389,1033.28444290161,3841.05098342896,3545.81277084351,1619.56736564636,7.51020812988281,38.7949676513672,243.832588195801,2503.30303955078,12157.5188751221,18976.9000663757,16271.5006828308,7394.20944976807
"CD303 BV750 (Beads)","12-Sep-2024","Sep12","V14_10-V15_00-UV15_00",91,0,8.39619445800781,0,0,0,0,0,0,0,0,39.9769554138184,0,0,0,0,55.3937683105469,1.70967102050781,0,0,0,0,0,0,0,0,0,0,0,8.84741592407227,844.277866363525,0,66.7693576812744,41.4314498901367,0,0,0,0,0,0,0,0,13.6246166229248,83.1524887084961,0.481657028198242,0.569936752319336,0,0,0,23.0325012207031,32.932186126709,0,23.6536998748779,12.3322944641113,19.0237884521484,60.8456611633301,0,6.66793823242188,0,23.4265060424805,0,24.3551940917969,0,88.7821311950684,0
"CD303 BV750 (Beads)","12-Sep-2024","Sep12","V14_10-UV15_00",80,200.247749328613,0,21.1286659240723,0,0,0,0,0,0,0,0,0,30.7938022613525,76.4981784820557,0,125.207046508789,0,0,0,0,0,0,0,0,0,0,0,18.5468940734863,228.459182739258,1305.36459732056,630.11049079895,293.124429702759,5.23223495483398,0,0,0,0,0,0,0,55.037483215332,0,15.2116012573242,53.1104984283447,57.0569763183594,54.9019165039062,35.9603881835938,5.49931335449219,4.54406356811523,0,0,0,5.42486190795898,0,20.6714954376221,57.6630802154541,0,0,0,18.9981231689453,45.4331283569336,69.2465858459473,51.303165435791,0
"CD303 BV750 (Beads)","18-Sep-2024","Sep18","V14_10-V15_10-UV15_02",4507,44.9132652282715,44.4724731445312,341.659614562988,264.250732421875,319.174903869629,303.083953857422,318.269996643066,172.787498474121,144.2705078125,56.8338012695312,50.9859962463379,155.905122756958,3680.25896072388,29926.587474823,24505.107421875,14386.7710533142,6935.2388458252,7487.28955078125,6865.76428222656,3043.76850891113,1473.89695739746,1014.14196777344,971.916320800781,536.974075317383,318.472961425781,375.378952026367,280.395416259766,1120.93328094482,32024.7900772095,170091.059020996,154852.090812683,59013.222202301,79.5586318969727,84.0304145812988,122.390625,87.5037536621094,80.8664703369141,60.214241027832,122.677150726318,99.3382034301758,213.180084228516,1143.48182678223,4506.66775512695,8358.69594573975,5396.65888214111,5090.09813690186,42.5064849853516,21.859260559082,46.6546897888184,349.042404174805,338.877555847168,339.978225708008,1426.08636474609,3802.79907989502,3446.66778564453,1613.22798156738,282.972198486328,509.472961425781,744.665893554688,2643.59963989258,11369.7184448242,17375.4686737061,15054.2333374023,6853.6533203125
"CD303 BV750 (Beads)","18-Sep-2024","Sep18","V14_10-V15_09-UV15_02",2690,58.5243835449219,32.5391464233398,344.318016052246,264.715835571289,314.284019470215,312.993865966797,325.850425720215,158.412498474121,149.628524780273,46.0462417602539,47.1217956542969,158.666734695435,3656.82414627075,29931.8521232605,24429.1337890625,14292.6148033142,6901.71272277832,7465.75634765625,6848.18225097656,3022.72004699707,1482.25004577637,1013.13824462891,961.483093261719,546.216201782227,314.853561401367,373.737106323242,284.763671875,1103.74736785889,31869.9209365845,170168.434020996,151862.825187683,58682.565952301,70.7406234741211,84.6892204284668,124.064056396484,74.4698867797852,82.3175735473633,54.4029388427734,124.593463897705,104.043357849121,211.01350402832,1116.80299377441,4482.54763793945,8328.03481292725,5368.73212432861,5035.51512908936,50.4742279052734,39.0243759155273,53.6268730163574,365.354782104492,334.986015319824,334.65641784668,1409.80731201172,3763.12244415283,3414.20172119141,1605.33851623535,283.042388916016,501.272857666016,746.600708007812,2638.30276489258,11337.6969604492,17332.8544158936,14994.9467163086,6819.56787109375
"CD303 BV750 (Beads)","18-Sep-2024","Sep18","V14_10-UV15_00",130,226.04056930542,0,0,10.3396263122559,0,0,0,0,27.4373016357422,24.2539167404175,0,0,7.5249195098877,118.275241851807,0,104.563358306885,16.7454147338867,0,0,0,0,0,0,0,0,0,0,0,69.0561904907227,1103.44842529297,429.843772888184,270.564304351807,6.03163146972656,0,0,0,0,0,0,0,0,0,0,0,1.51982879638672,0,0,0,0,0,0,0,0,0,0,0,0,0,0,0,0,0,0,0
"CD303 BV750 (Beads)","18-Sep-2024","Sep18","V14_10-V15_00-UV15_00",106,0,11.7251892089844,0,0,0,0,0,0,0,0,0,1.79325103759766,0,90.5650405883789,0,5.16799354553223,0,0,0,0,0,0,0,0,0,0,0,0,0,892.667114257812,0,165.240467071533,0,0,0,0,0,0,0,0,7.51743698120117,0,0,0,1.64648056030273,0,38.0957641601562,47.7820892333984,34.8262519836426,0,0,0,0,0,0,0,0,0,0,0,0,0,0,0
"CD303 BV750 (Beads)","26-Sep-2024","Sep26","V14_10-V15_10-UV15_02",9430,50.648323059082,61.697998046875,404.852584838867,307.408706665039,381.18620300293,409.32869720459,349.819412231445,161.359375,149.781600952148,69.8390941619873,38.1222610473633,161.57152557373,3704.7232131958,29775.1080780029,24406.3871421814,14345.0887031555,7009.82952880859,7727.56265258789,7026.80429077148,3099.06585693359,1546.46249389648,1032.87231445312,963.701019287109,538.824188232422,324.811676025391,333.953063964844,224.850936889648,1058.5453338623,31139.9771270752,164152.26058197,149564.734771729,57629.1018829346,58.8225250244141,81.6321716308594,108.322494506836,73.1757583618164,73.9353332519531,45.7605056762695,49.8267211914062,51.3806762695312,134.815353393555,1052.64750671387,4270.54113006592,7941.39812469482,5174.79475784302,4913.69285583496,20.0240325927734,31.1458969116211,28.5131225585938,114.072082519531,122.183563232422,129.207824707031,1043.62243652344,3414.39547729492,3107.44157409668,1430.30680847168,90.3117065429688,190.090881347656,403.533996582031,2309.17681884766,10466.6101989746,16165.9140930176,14021.9083862305,6364.91148376465
"CD303 BV750 (Beads)","26-Sep-2024","Sep26","V14_10-V15_09-UV15_02",5774,50.0649719238281,47.366569519043,399.323165893555,305.977737426758,380.208053588867,406.398979187012,350.214584350586,165.635940551758,153.05256652832,60.5079288482666,31.2917251586914,161.535682678223,3649.73725128174,29242.6246795654,23917.7006187439,14044.4246406555,6967.93499755859,7699.39102172852,6981.97250366211,3095.30438232422,1550.62191772461,1034.01409912109,968.122894287109,544.517486572266,325.224975585938,336.235534667969,222.61653137207,1044.51176452637,30641.2964630127,162116.13558197,144512.383209229,56369.0960235596,64.7664794921875,78.6619415283203,100.262496948242,76.6155090332031,79.2607650756836,45.7605056762695,53.9816741943359,48.165283203125,142.615676879883,1039.16288757324,4245.22423553467,7864.17449188232,5111.70222854614,4830.56736755371,32.010009765625,40.4300918579102,25.2525024414062,120.55224609375,118.327331542969,135.867309570312,1051.23718261719,3375.63876342773,3057.31730651855,1401.01078796387,91.1616821289062,187.500183105469,407.083435058594,2314.34246826172,10450.0950622559,16099.5805969238,13938.376159668,6327.6043548584
"CD303 BV750 (Beads)","26-Sep-2024","Sep26","V14_10-UV15_00",430,202.730545043945,0,0,0,0,0,0,0,0,0,0,0,27.0809955596924,52.8143730163574,0,45.4179039001465,0,0,0,0,0,0,0,0,0,0,0,0,22.618034362793,985.349571228027,314.659545898438,150.375061035156,0,0,0,0,0,0,0,0,0,0,0,0,18.3131942749023,0,0,0,3.39937591552734,0,0,0,0,0,0,0,0,0,0,0,0,0,0,0
"CD303 BV750 (Beads)","26-Sep-2024","Sep26","V14_10-V15_00-UV15_00",281,0,0,0,0,0,0,0,0,0,0,0,0,0,4.12556838989258,0,0,0,0,0,0,0,0,0,0,0,0,0,0,0,762.34627532959,0,32.1884689331055,0,0,0,0,0,0,0,0,0,0,0,0,26.4663352966309,0,0,22.702522277832,1.24874877929688,0,0,0,0,0,0,0,0,0,0,0,0,0,0,0
"CD303 BV750 (Beads)","05-Sep-2024","Sep5","V14_10-V15_10-UV14_02",5231,205.044860839844,46.7540283203125,369.387977600098,267.918106079102,343.324493408203,301.038803100586,306.178802490234,154.171859741211,125.932830810547,45.8620414733887,33.042308807373,155.405790328979,4160.1378698349,34330.1262340546,28178.6496868134,16764.3220920563,7784.69793701172,8395.83096313477,7629.44741821289,3319.25497436523,1545.7063293457,1048.53955078125,967.438262939453,516.468841552734,323.773895263672,351.269493103027,200.264450073242,1191.17747497559,36460.2472190857,195836.723075867,178221.293575287,69287.6862163544,70.166015625,76.3259124755859,91.9078140258789,58.8228607177734,71.0108451843262,45.5769424438477,40.3921279907227,26.8655662536621,130.80212020874,1219.00175094604,5149.28605651855,9712.90528678894,6244.68157958984,6014.40099334717,37.7019653320312,24.1286163330078,27.8887557983398,38.2394256591797,30.3604431152344,51.0809097290039,1061.06371307373,4005.61392974854,3739.17065048218,1718.86114501953,20.5437622070312,49.2895660400391,261.143753051758,2560.86743164062,12449.351890564,19491.7658843994,16999.6935768127,7742.51270294189
"CD303 BV750 (Beads)","05-Sep-2024","Sep5","V14_10-V15_10-UV15_02",4017,0,27.6084594726562,362.727210998535,262.051010131836,325.43017578125,302.123764038086,294.466247558594,146.768753051758,103.865814208984,44.9939918518066,22.7434043884277,158.632215499878,4128.8322057724,34180.9504528046,28026.5598430634,16704.4470920563,7743.94891357422,8331.38369750977,7573.07583618164,3302.27841186523,1529.13748168945,1034.76940917969,950.651763916016,508.877899169922,318.192779541016,340.353660583496,197.445755004883,1174.03977966309,36303.7042503357,195498.785575867,177923.481075287,69098.9596538544,55.8638305664062,66.3073120117188,88.1671829223633,59.805419921875,70.0213737487793,48.4665451049805,35.0417404174805,32.1658058166504,137.824626922607,1210.79923629761,5120.9115447998,9683.69239616394,6198.77044677734,5962.19445037842,27.1027221679688,19.6460876464844,27.9581298828125,44.2957611083984,26.4003829956055,53.3465957641602,1040.24279022217,3969.57706451416,3713.97997665405,1715.43670654297,19.126953125,45.0442047119141,253.262588500977,2548.32739257812,12391.066734314,19396.5569000244,16904.3478736877,7697.84912872314
"CD303 BV750 (Beads)","05-Sep-2024","Sep5","V14_10-V15_09-UV14_02",2997,196.204360961914,37.0425033569336,366.624458312988,273.28434753418,328.545379638672,309.284469604492,302.729705810547,166.749984741211,116.1572265625,44.4876289367676,36.2607154846191,155.11900138855,4152.1144323349,34245.8684215546,27958.2375774384,16678.4021701813,7789.61297607422,8405.44717407227,7637.91030883789,3337.26669311523,1539.58755493164,1056.42797851562,968.888946533203,520.837188720703,322.947082519531,361.32918548584,207.070541381836,1182.71446228027,36337.8214378357,196057.519950867,175032.152950287,68894.3893413544,68.0666198730469,86.1467742919922,92.9578170776367,68.7140045166016,79.3883323669434,50.1083602905273,32.3995742797852,28.2568778991699,138.546550750732,1213.03031539917,5139.0609588623,9708.66798210144,6203.96331787109,5967.30040740967,44.8866882324219,20.4165191650391,18.6618804931641,36.9013977050781,27.2340774536133,59.7317123413086,1059.64879608154,3998.93277740479,3734.22607040405,1707.17779541016,21.6772003173828,32.6678314208984,260.646743774414,2572.83740234375,12528.224937439,19567.5686187744,17057.1056861877,7770.92823028564
"CD303 BV750 (Beads)","05-Sep-2024","Sep5","V14_10-V15_09-UV15_02",2258,0,28.406192779541,347.457099914551,260.190734863281,332.059051513672,290.297760009766,275.496246337891,149.859359741211,99.3014678955078,47.7789878845215,28.1789360046387,170.534109115601,4118.48015499115,34033.6535778046,27824.7600383759,16525.1033420563,7717.19891357422,8349.89932250977,7580.71377563477,3307.14364624023,1512.46566772461,1026.46569824219,963.707977294922,510.274353027344,320.328765869141,340.28231048584,200.298812866211,1172.48820495605,36069.1300315857,194913.746513367,174157.137325287,68439.6198101044,71.8717803955078,68.7130889892578,85.0828094482422,67.7641983032227,69.6255760192871,50.9292755126953,42.3407287597656,31.5363998413086,134.182109832764,1208.33842086792,5108.22575378418,9640.74122428894,6199.40374755859,5953.06774139404,34.9632415771484,17.9651336669922,27.4031295776367,31.1971664428711,26.678279876709,55.5779495239258,1056.61656951904,3961.07401275635,3707.43175888062,1705.53277587891,21.3230056762695,44.0008392333984,254.6826171875,2554.27685546875,12467.2273788452,19466.9651031494,16937.3234596252,7705.90381622314
